{
  "timestamp": "2026-03-22T16:30:21",
  "recommended_t0": 1996.886802467904,
  "aggregation_method": "median",
  "statistics": {
    "mean": 2001.7371297190166,
    "median": 1996.886802467904,
    "min": 1953.9335707160735,
    "max": 2054.391015973072,
    "std": 41.15473915782469
  },
  "parameters": {
    "formulation": "tqudo",
    "chi_0": 0.8,
    "n_samples": 100,
    "epsilon": 0.001,
    "seed": 42,
    "restriction": {
      "lambda_0": 1000.0,
      "lambda_1": 1000.0,
      "lambda_2": 1000.0
    }
  },
  "instance_config": {
    "n_cities": 9,
    "n_precedences_range": [
      2,
      5
    ],
    "prices_range_hotels": [
      30.0,
      150.0
    ],
    "prices_range_travels": [
      30.0,
      150.0
    ],
    "seed": 42
  },
  "per_instance_results": [
    {
      "instance_index": 0,
      "instance_seed": 2746317213,
      "t0": 1953.9335707160735,
      "chi_achieved": 1.240894757447202,
      "iterations": 1,
      "n_samples": 100,
      "converged": false
    },
    {
      "instance_index": 1,
      "instance_seed": 1181241943,
      "t0": 2054.391015973072,
      "chi_achieved": 1.250525744184508,
      "iterations": 1,
      "n_samples": 100,
      "converged": false
    },
    {
      "instance_index": 2,
      "instance_seed": 958682846,
      "t0": 1996.886802467904,
      "chi_achieved": 1.2428370293229807,
      "iterations": 1,
      "n_samples": 100,
      "converged": false
    }
  ]
}