{
  "timestamp": "2026-03-22T16:39:42",
  "recommended_t0": 2001.3109124108396,
  "aggregation_method": "median",
  "statistics": {
    "mean": 2001.3109124108396,
    "median": 2001.3109124108396,
    "min": 1859.1939437608287,
    "max": 2143.4278810608507,
    "std": 142.11696865001102
  },
  "parameters": {
    "formulation": "tqudo",
    "chi_0": 0.8,
    "n_samples": 50,
    "epsilon": 0.001,
    "seed": 42,
    "restriction": {
      "lambda_0": 1000.0,
      "lambda_1": 1000.0,
      "lambda_2": 1000.0
    }
  },
  "instance_config": {
    "n_cities": 9,
    "n_precedences_range": [
      2,
      5
    ],
    "prices_range_hotels": [
      30.0,
      150.0
    ],
    "prices_range_travels": [
      30.0,
      150.0
    ],
    "seed": 42
  },
  "per_instance_results": [
    {
      "instance_index": 0,
      "instance_seed": 2746317213,
      "t0": 1859.1939437608287,
      "chi_achieved": 0.8001585645167095,
      "iterations": 3,
      "n_samples": 50,
      "converged": true
    },
    {
      "instance_index": 1,
      "instance_seed": 1181241943,
      "t0": 2143.4278810608507,
      "chi_achieved": 0.8001686455197381,
      "iterations": 2,
      "n_samples": 50,
      "converged": true
    }
  ]
}