{
  "timestamp": "2026-03-22T16:31:46",
  "recommended_t0": 4.846287838638522e+24,
  "aggregation_method": "median",
  "statistics": {
    "mean": 6.035183868940373e+29,
    "median": 4.846287838638522e+24,
    "min": 2054.391015973072,
    "max": 1.8105503143942732e+30,
    "std": 8.535004610463792e+29
  },
  "parameters": {
    "formulation": "tqudo",
    "chi_0": 0.8,
    "n_samples": 100,
    "epsilon": 0.001,
    "seed": 42,
    "restriction": {
      "lambda_0": 1000.0,
      "lambda_1": 1000.0,
      "lambda_2": 1000.0
    }
  },
  "instance_config": {
    "n_cities": 9,
    "n_precedences_range": [
      2,
      5
    ],
    "prices_range_hotels": [
      30.0,
      150.0
    ],
    "prices_range_travels": [
      30.0,
      150.0
    ],
    "seed": 42
  },
  "per_instance_results": [
    {
      "instance_index": 0,
      "instance_seed": 2746317213,
      "t0": 1.8105503143942732e+30,
      "chi_achieved": 1.0,
      "iterations": 12,
      "n_samples": 100,
      "converged": false
    },
    {
      "instance_index": 1,
      "instance_seed": 1181241943,
      "t0": 2054.391015973072,
      "chi_achieved": 0.7996636651827743,
      "iterations": 1,
      "n_samples": 100,
      "converged": true
    },
    {
      "instance_index": 2,
      "instance_seed": 958682846,
      "t0": 4.846287838638522e+24,
      "chi_achieved": 1.0,
      "iterations": 12,
      "n_samples": 100,
      "converged": false
    }
  ]
}